student_id,course_id,semester,grade,attendance
S001,C001,2026-1,A,95
S001,C003,2026-1,B+,88
S002,C001,2026-1,A,92
S002,C002,2026-1,B,80
S003,C001,2025-2,B+,85
S003,C004,2025-2,A,90
S004,C002,2026-1,A,93
S004,C006,2026-1,B+,87
S005,C002,2025-2,B,78
S005,C005,2025-2,A,91
S006,C006,2026-1,A,94
S006,C002,2026-1,B+,86
S007,C001,2025-2,B,82
S007,C003,2025-2,C,70
S008,C004,2026-1,A,96
S008,C001,2026-1,B+,89
S009,C004,2025-2,B,81
S010,C001,2026-1,A,98
S010,C005,2026-1,A,95
S011,C005,2025-2,B+,84
S011,C002,2025-2,B,79
S012,C004,2026-1,B,83
S013,C004,2025-2,A,90
S014,C001,2026-1,B+,92
S014,C006,2026-1,A,92
S015,C004,2025-2,B,80
