student_id,course_id,semester,grade,attendance
S001,C001,2025-1,B-,80
S001,C003,2025-2,B-,99
S001,C010,2026-1,B+,66
S002,C004,2025-2,A-,66
S002,C009,2026-1,B+,93
S003,C001,2026-1,B,86
S003,C003,2026-1,A-,78
S004,C002,2025-1,B+,87
S004,C010,2025-1,C+,81
S004,C008,2025-2,B,89
S004,C009,2026-1,A-,88
S005,C002,2025-2,A,79
S005,C002,2026-1,C+,89
S005,C004,2026-1,A-,88
S006,C006,2026-1,B+,82
S007,C010,2025-1,B,99
S007,C003,2025-2,B+,82
S007,C006,2026-1,C+,68
S008,C001,2025-2,B-,90
S008,C002,2026-1,C+,85
S008,C004,2026-1,A-,96
S009,C008,2026-1,A-,80
S009,C003,2026-1,B-,99
S010,C010,2025-1,C+,90
S010,C007,2025-1,B+,73
S010,C002,2025-2,C+,74
S010,C001,2025-2,B,92
S010,C007,2026-1,B+,94
S011,C009,2025-2,B,72
S011,C001,2025-2,B,99
S011,C006,2026-1,A-,75
S011,C002,2026-1,B+,81
S012,C009,2026-1,C+,84
S013,C003,2025-1,B+,75
S013,C010,2025-2,B+,66
S013,C006,2026-1,C+,84
S014,C001,2025-2,A-,70
S014,C008,2026-1,B-,99
S015,C003,2026-1,B,100
S016,C005,2025-1,B,92
S016,C009,2025-2,B-,77
S016,C007,2026-1,B+,98
S016,C006,2026-1,B+,80
S017,C002,2025-2,B+,100
S017,C010,2026-1,A-,69
S018,C004,2026-1,A,67
S019,C002,2025-1,A-,96
S019,C009,2025-1,A-,73
S019,C004,2025-2,B-,77
S019,C008,2025-2,A,92
S019,C007,2026-1,B+,68
S019,C010,2026-1,B,71
S020,C007,2025-2,B-,71
S020,C004,2026-1,A-,93
S021,C007,2026-1,A-,94
S022,C002,2025-1,B+,100
S022,C001,2025-2,B,99
S022,C002,2026-1,C,80
S023,C007,2025-2,B+,78
S023,C001,2026-1,B+,89
S023,C003,2026-1,A-,94
S024,C007,2026-1,B,96
S024,C009,2026-1,A,83
S025,C001,2025-1,B,99
S025,C006,2025-2,A,95
S025,C001,2026-1,C,70
S026,C002,2025-2,B,80
S026,C002,2026-1,B,67
S026,C004,2026-1,B,91
S027,C005,2026-1,B,85
S027,C004,2026-1,A-,90
S028,C005,2025-1,B+,69
S028,C008,2025-2,B,71
S028,C009,2026-1,A-,81
S029,C006,2025-2,C+,80
S029,C005,2026-1,B+,99
S029,C003,2026-1,B-,98
S030,C009,2026-1,A-,71
S031,C005,2025-1,A,71
S031,C005,2025-2,A-,78
S031,C004,2026-1,B,81
S031,C005,2026-1,C+,68
S032,C007,2025-2,C+,67
S032,C006,2026-1,B-,81
S033,C008,2026-1,B,92
S034,C002,2025-1,A,74
S034,C006,2025-2,B,74
S034,C003,2026-1,B+,67
S034,C001,2026-1,C+,78
S035,C002,2025-2,B+,100
S035,C010,2026-1,C,80
S035,C003,2026-1,C+,76
S036,C001,2026-1,B-,86
S036,C003,2026-1,B-,91
S037,C005,2025-1,A,71
S037,C001,2025-2,A-,94
S037,C008,2025-2,B+,79
S037,C001,2026-1,B,90
S038,C005,2025-2,C,82
S038,C002,2025-2,B+,97
S038,C009,2026-1,C,72
S038,C006,2026-1,C+,81
S039,C010,2026-1,C,81
S040,C002,2025-1,B,87
S040,C007,2025-2,A,77
S040,C009,2025-2,A-,92
S040,C009,2026-1,C,99
S041,C006,2025-2,B+,86
S041,C002,2026-1,B,91
S041,C005,2026-1,B+,83
S042,C004,2026-1,B+,89
S043,C010,2025-1,B,90
S043,C005,2025-2,A-,92
S043,C008,2026-1,B+,78
S043,C010,2026-1,B,75
S044,C005,2025-2,B,86
S044,C004,2026-1,B,79
S045,C003,2026-1,A,80
S046,C010,2025-1,B+,77
S046,C002,2025-1,B-,89
S046,C007,2025-2,A,65
S046,C004,2025-2,C+,71
