student_id,name,email,program_id,year
S001,Andi Nasution,andi.nasution@student.ac.id,P001,2023
S002,Rina Putri,rina.putri@student.ac.id,P002,2024
S003,Budi Santoso,budi.santoso@student.ac.id,P003,2025
S004,Sari Wulandari,sari.wulandari@student.ac.id,P001,2023
S005,Dedi Kurniawan,dedi.kurniawan@student.ac.id,P002,2024
S006,Maya Anggraini,maya.anggraini@student.ac.id,P003,2025
S007,Fajar Ramadhan,fajar.ramadhan@student.ac.id,P001,2023
S008,Lestari Handayani,lestari.handayani@student.ac.id,P002,2024
S009,Hendra Gunawan,hendra.gunawan@student.ac.id,P003,2025
S010,Putri Ayu,putri.ayu@student.ac.id,P001,2023
S011,Rizky Pratama,rizky.pratama@student.ac.id,P002,2024
S012,Nur Aisyah,nur.aisyah@student.ac.id,P003,2025
S013,Agus Setiawan,agus.setiawan@student.ac.id,P001,2023
S014,Dewi Kartika,dewi.kartika@student.ac.id,P002,2024
S015,Yoga Prasetyo,yoga.prasetyo@student.ac.id,P003,2025
S016,Wulan Permata,wulan.permata@student.ac.id,P001,2023
S017,Arif Saputra,arif.saputra@student.ac.id,P002,2024
S018,Indah Lestari,indah.lestari@student.ac.id,P003,2025
S019,Taufik Hidayat,taufik.hidayat@student.ac.id,P001,2023
S020,Mega Puspita,mega.puspita@student.ac.id,P002,2024
S021,Doni Wijaya,doni.wijaya@student.ac.id,P003,2025
S022,Ratna Sari,ratna.sari@student.ac.id,P001,2023
S023,Eko Nugroho,eko.nugroho@student.ac.id,P002,2024
S024,Sinta Dewanti,sinta.dewanti@student.ac.id,P003,2025
S025,Bayu Firmansyah,bayu.firmansyah@student.ac.id,P001,2023
S026,Citra Melati,citra.melati@student.ac.id,P002,2024
S027,Hadi Syahputra,hadi.syahputra@student.ac.id,P003,2025
S028,Fitri Rahayu,fitri.rahayu@student.ac.id,P001,2023
S029,Galih Pradana,galih.pradana@student.ac.id,P002,2024
S030,Intan Maharani,intan.maharani@student.ac.id,P003,2025
S031,Joko Siregar,joko.siregar@student.ac.id,P001,2023
S032,Kiki Amelia,kiki.amelia@student.ac.id,P002,2024
S033,Lia Hakim,lia.hakim@student.ac.id,P003,2025
S034,Made Oktaviani,made.oktaviani@student.ac.id,P001,2023
S035,Nadia Fauzan,nadia.fauzan@student.ac.id,P002,2024
S036,Oscar Yulianti,oscar.yulianti@student.ac.id,P003,2025
S037,Prita Rahman,prita.rahman@student.ac.id,P001,2023
S038,Qori Safitri,qori.safitri@student.ac.id,P002,2024
S039,Reza Alamsyah,reza.alamsyah@student.ac.id,P003,2025
S040,Salsa Wardani,salsa.wardani@student.ac.id,P001,2023
S041,Teguh Nugraha,teguh.nugraha@student.ac.id,P002,2024
S042,Umi Kusuma,umi.kusuma@student.ac.id,P003,2025
S043,Vino Hartati,vino.hartati@student.ac.id,P001,2023
S044,Wati Febriansyah,wati.febriansyah@student.ac.id,P002,2024
S045,Xena Anwar,xena.anwar@student.ac.id,P003,2025
S046,Yusuf Octaviana,yusuf.octaviana@student.ac.id,P001,2023
S047,Zahra Lubis,zahra.lubis@student.ac.id,P002,2024
S048,Aldi Budiman,aldi.budiman@student.ac.id,P003,2025
